{"i":5,"m":0.018678356540032283,"M":0.18322125652982307,"μ":0.06621741208777732,"L":{"i":10,"m":0.027299311413598527,"M":0.07408935188571011,"μ":0.0518583149348211,"L":{"i":4,"m":0.025335476847897984,"M":0.06172354502392418,"μ":0.04499921711870605,"L":{"i":17,"m":0.031150078040215547,"M":0.031150078040215547,"μ":0.031150078040215547,"L":null,"R":{"i":2}},"R":{"i":14,"m":0.051609046010273996,"M":0.051609046010273996,"μ":0.051609046010273996,"L":null,"R":{"i":8}}},"R":{"i":1,"m":0.04087168545788394,"M":0.08431284799818592,"μ":0.08262393418546551,"L":{"i":12,"m":0.05753073283362059,"M":0.05753073283362059,"μ":0.05753073283362059,"L":null,"R":{"i":11}},"R":{"i":15,"m":0.040807060528552666,"M":0.040807060528552666,"μ":0.040807060528552666,"L":null,"R":{"i":22}}}},"R":{"i":3,"m":0.049236940252168515,"M":0.13249646629408143,"μ":0.097512508348619,"L":{"i":21,"m":0.06902640612743015,"M":0.08730100229367452,"μ":0.07606621850343688,"L":{"i":6,"m":0.05960427165118635,"M":0.05960427165118635,"μ":0.05960427165118635,"L":null,"R":{"i":13}},"R":{"i":7,"m":0.07173967291325231,"M":0.07173967291325231,"μ":0.07173967291325231,"L":null,"R":{"i":19}}},"R":{"i":9,"m":0.040666842075616834,"M":0.09248816053289663,"μ":0.08405296845152702,"L":{"i":16,"m":0.06402060563319727,"M":0.06402060563319727,"μ":0.06402060563319727,"L":null,"R":{"i":18}},"R":{"i":20,"m":0.14485366103952155,"M":0.14485366103952155,"μ":0.14485366103952155,"L":null,"R":{"i":0}}}}}