{"i":1,"m":0.05657336264992034,"M":0.15342060178426178,"μ":0.08451849257776764,"L":{"i":21,"m":0.027299311413598527,"M":0.07760882760832405,"μ":0.04519104204785055,"L":{"i":14,"m":0.019441522547649418,"M":0.06172354502392418,"μ":0.04499921711870605,"L":{"i":15,"m":0.025737532325637053,"M":0.025737532325637053,"μ":0.025737532325637053,"L":null,"R":{"i":4}},"R":{"i":7,"m":0.05381313264507885,"M":0.05381313264507885,"μ":0.05381313264507885,"L":null,"R":{"i":18}}},"R":{"i":16,"m":0.040666842075616834,"M":0.13320003777665262,"μ":0.11729687983015487,"L":{"i":22,"m":0.0916822813441457,"M":0.0916822813441457,"μ":0.0916822813441457,"L":null,"R":{"i":17}},"R":{"i":20,"m":0.045489853962040167,"M":0.045489853962040167,"μ":0.045489853962040167,"L":null,"R":{"i":19}}}},"R":{"i":2,"m":0.04769093462385404,"M":0.10022408217056344,"μ":0.08909013059548322,"L":{"i":13,"m":0.05854319526175502,"M":0.1023764247008886,"μ":0.07446377030235692,"L":{"i":0,"m":0.06747053024130671,"M":0.06747053024130671,"μ":0.06747053024130671,"L":null,"R":{"i":12}},"R":{"i":3,"m":0.06172204064932311,"M":0.06172204064932311,"μ":0.06172204064932311,"L":null,"R":{"i":6}}},"R":{"i":9,"m":0.03472039200811772,"M":0.16839311222439185,"μ":0.09978844192875395,"L":{"i":10,"m":0.051846307002904365,"M":0.051846307002904365,"μ":0.051846307002904365,"L":null,"R":{"i":11}},"R":{"i":8,"m":0.10173283504156963,"M":0.10173283504156963,"μ":0.10173283504156963,"L":null,"R":{"i":5}}}}}